Country Name,Country Code,Indicator Name,Indicator Code,2000,2001,2002,2003,2004,2005,2006,2007,2008,2009,2010,2011,2012,2013,2014,2015,2016,2017,2018,2019,2020
Aruba,ABW,"Birth rate, crude (per 1,000 people)",SP.DYN.CBRT.IN,14.173,13.762,13.375,13.01,12.667,12.348,12.053,11.788,11.556,11.361,11.214,11.123,11.09,11.111,11.179,11.281,11.404,11.532,11.652,,
Afghanistan,AFG,"Birth rate, crude (per 1,000 people)",SP.DYN.CBRT.IN,48.021,47.505,46.901,46.231,45.507,44.723,43.87,42.944,41.949,40.903,39.829,38.75,37.69,36.67,35.706,34.809,33.981,33.211,32.487,,
Angola,AGO,"Birth rate, crude (per 1,000 people)",SP.DYN.CBRT.IN,48.15,48.027,47.911,47.786,47.639,47.453,47.215,46.92,46.563,46.143,45.656,45.102,44.493,43.847,43.182,42.52,41.882,41.281,40.729,,
Albania,ALB,"Birth rate, crude (per 1,000 people)",SP.DYN.CBRT.IN,16.436,15.59,14.79,14.048,13.381,12.821,12.398,12.118,11.973,11.945,12.001,12.1,12.197,12.257,12.259,12.197,12.08,11.934,11.78,,
Andorra,AND,"Birth rate, crude (per 1,000 people)",SP.DYN.CBRT.IN,11.3,11.8,11.2,10.3,10.9,10.7,10.6,10.1,10.4,9.9,9.8,,9.5,,,,8.8,,7.2,,
Arab World,ARB,"Birth rate, crude (per 1,000 people)",SP.DYN.CBRT.IN,28.70911478,28.34776223,28.058919,27.83077871,27.65783151,27.53771096,27.47727849,27.46072576,27.4629957,27.49599971,27.51343535,27.48486731,27.38929829,27.21144477,26.94078077,26.57699126,26.13480319,25.64801495,25.14754199,,
United Arab Emirates,ARE,"Birth rate, crude (per 1,000 people)",SP.DYN.CBRT.IN,16.494,15.996,15.514,15.024,14.518,14.001,13.49,13.01,12.581,12.208,11.888,11.616,11.377,11.159,10.958,10.772,10.603,10.456,10.331,,
Argentina,ARG,"Birth rate, crude (per 1,000 people)",SP.DYN.CBRT.IN,19.499,19.328,19.175,19.026,18.879,18.735,18.596,18.469,18.355,18.252,18.154,18.055,17.949,17.831,17.698,17.548,17.383,17.205,17.021,,
Armenia,ARM,"Birth rate, crude (per 1,000 people)",SP.DYN.CBRT.IN,12.91,12.98,13.208,13.524,13.884,14.244,14.572,14.855,15.08,15.233,15.304,15.297,15.232,15.125,14.979,14.795,14.568,14.298,13.987,,
American Samoa,ASM,"Birth rate, crude (per 1,000 people)",SP.DYN.CBRT.IN,,,,,,,21.6,,,,18.7,,,,17.5,,,16.6,,,
Antigua and Barbuda,ATG,"Birth rate, crude (per 1,000 people)",SP.DYN.CBRT.IN,19.84,19.635,19.339,18.977,18.566,18.137,17.72,17.341,17.014,16.749,16.547,16.396,16.272,16.152,16.026,15.883,15.717,15.53,15.327,,
Australia,AUS,"Birth rate, crude (per 1,000 people)",SP.DYN.CBRT.IN,13,12.7,12.8,12.6,12.3,12.8,12.9,14.1,14,13.9,13.7,13.6,13.7,13.3,13.2,12.9,12.9,12.6,12.6,,
Austria,AUT,"Birth rate, crude (per 1,000 people)",SP.DYN.CBRT.IN,9.8,9.4,9.7,9.5,9.7,9.5,9.4,9.2,9.3,9.2,9.4,9.3,9.4,9.4,9.6,9.8,10,10,9.7,,
Azerbaijan,AZE,"Birth rate, crude (per 1,000 people)",SP.DYN.CBRT.IN,14.5,13.6,13.5,13.8,15.8,16.9,17.6,17.7,17.4,17,18.3,19.2,18.8,18.3,17.9,17.2,16.3,14.6,14,,
Burundi,BDI,"Birth rate, crude (per 1,000 people)",SP.DYN.CBRT.IN,42.993,42.849,42.809,42.836,42.902,42.981,43.053,43.102,43.11,43.057,42.919,42.682,42.35,41.933,41.44,40.883,40.278,39.646,39.008,,
Belgium,BEL,"Birth rate, crude (per 1,000 people)",SP.DYN.CBRT.IN,11.4,11.2,10.9,11,11.3,11.4,11.6,11.7,11.9,11.8,11.9,11.7,11.5,11.3,11.2,10.8,10.8,10.5,10.3,,
Benin,BEN,"Birth rate, crude (per 1,000 people)",SP.DYN.CBRT.IN,42.371,42.002,41.654,41.326,41.018,40.726,40.445,40.167,39.884,39.59,39.278,38.945,38.591,38.219,37.831,37.432,37.027,36.621,36.221,,
Burkina Faso,BFA,"Birth rate, crude (per 1,000 people)",SP.DYN.CBRT.IN,46.253,46.031,45.778,45.495,45.176,44.817,44.407,43.946,43.438,42.89,42.314,41.721,41.127,40.543,39.979,39.437,38.92,38.419,37.93,,
Bangladesh,BGD,"Birth rate, crude (per 1,000 people)",SP.DYN.CBRT.IN,27.493,26.818,26.132,25.439,24.742,24.053,23.384,22.747,22.153,21.605,21.107,20.657,20.245,19.862,19.501,19.156,18.824,18.501,18.184,,
Bulgaria,BGR,"Birth rate, crude (per 1,000 people)",SP.DYN.CBRT.IN,9,8.5,8.5,8.7,9.1,9.3,9.7,10,10.4,10.9,10.2,9.6,9.5,9.2,9.4,9.2,9.1,9,8.9,,
Bahrain,BHR,"Birth rate, crude (per 1,000 people)",SP.DYN.CBRT.IN,21.722,21.166,20.591,19.996,19.385,18.778,18.203,17.685,17.239,16.863,16.547,16.271,16.005,15.727,15.426,15.096,14.738,14.365,13.99,,
"Bahamas, The",BHS,"Birth rate, crude (per 1,000 people)",SP.DYN.CBRT.IN,17.609,16.811,16.177,15.724,15.451,15.33,15.306,15.307,15.276,15.19,15.045,14.855,14.659,14.485,14.34,14.224,14.131,14.049,13.968,,
Bosnia and Herzegovina,BIH,"Birth rate, crude (per 1,000 people)",SP.DYN.CBRT.IN,10.983,10.438,9.966,9.608,9.372,9.255,9.23,9.251,9.276,9.284,9.256,9.188,9.087,8.963,8.818,8.655,8.477,8.293,8.111,,
Belarus,BLR,"Birth rate, crude (per 1,000 people)",SP.DYN.CBRT.IN,9.4,9.2,8.9,9,9.1,9.3,9.9,10.7,11.1,11.4,11.4,11.5,12.2,12.5,12.5,12.5,12.4,10.8,9.9,,
Belize,BLZ,"Birth rate, crude (per 1,000 people)",SP.DYN.CBRT.IN,29.868,29.271,28.62,27.913,27.158,26.386,25.635,24.944,24.339,23.827,23.402,23.044,22.717,22.395,22.067,21.733,21.4,21.081,20.786,,
Bermuda,BMU,"Birth rate, crude (per 1,000 people)",SP.DYN.CBRT.IN,13.5,13.3,13.2,13.2,13.2,13.1,12.5,13.4,12.8,12.5,11.8,10.4,10,10.4,10.5,9.4,9.6,9.3,8.2,,
Bolivia,BOL,"Birth rate, crude (per 1,000 people)",SP.DYN.CBRT.IN,30.314,29.795,29.263,28.718,28.163,27.604,27.049,26.508,25.985,25.486,25.008,24.548,24.1,23.661,23.233,22.821,22.433,22.076,21.75,,
Brazil,BRA,"Birth rate, crude (per 1,000 people)",SP.DYN.CBRT.IN,20.119,19.547,18.955,18.363,17.787,17.243,16.747,16.306,15.921,15.595,15.327,15.11,14.93,14.772,14.624,14.472,14.307,14.125,13.924,,
Barbados,BRB,"Birth rate, crude (per 1,000 people)",SP.DYN.CBRT.IN,13.934,13.78,13.624,13.457,13.274,13.069,12.837,12.581,12.308,12.026,11.748,11.489,11.259,11.067,10.916,10.806,10.732,10.683,10.648,,
Brunei Darussalam,BRN,"Birth rate, crude (per 1,000 people)",SP.DYN.CBRT.IN,22.679,22.088,21.447,20.738,19.974,19.211,18.527,17.985,17.616,17.412,17.329,17.294,17.221,17.052,16.765,16.365,15.882,15.376,14.896,,
Bhutan,BTN,"Birth rate, crude (per 1,000 people)",SP.DYN.CBRT.IN,27.066,26.012,25.025,24.113,23.283,22.527,21.83,21.174,20.547,19.949,19.397,18.913,18.514,18.201,17.965,17.783,17.625,17.459,17.259,,
Botswana,BWA,"Birth rate, crude (per 1,000 people)",SP.DYN.CBRT.IN,29.302,29.163,29.05,28.935,28.803,28.654,28.498,28.348,28.212,28.079,27.934,27.754,27.524,27.231,26.87,26.44,25.943,25.396,24.821,,
Central African Republic,CAF,"Birth rate, crude (per 1,000 people)",SP.DYN.CBRT.IN,41.347,41.286,41.194,41.068,40.903,40.692,40.427,40.111,39.749,39.346,38.905,38.431,37.933,37.427,36.927,36.454,36.029,35.66,35.348,,
Canada,CAN,"Birth rate, crude (per 1,000 people)",SP.DYN.CBRT.IN,10.7,10.7,10.5,10.6,10.5,10.6,10.9,11.2,11.3,11.3,11.1,11,11,10.8,10.8,10.7,10.6,10.3,10.1,,
Central Europe and the Baltics,CEB,"Birth rate, crude (per 1,000 people)",SP.DYN.CBRT.IN,9.770927434,9.436892194,9.277037694,9.284178679,9.499468537,9.760673841,9.95849847,10.20763486,10.74505599,10.78255086,10.54420078,9.973222786,9.976633197,9.63832193,9.934669415,9.888469993,10.13469667,10.27528688,9.948650527,,
Switzerland,CHE,"Birth rate, crude (per 1,000 people)",SP.DYN.CBRT.IN,10.9,10,9.9,9.8,9.9,9.8,9.8,9.9,10,10.1,10.3,10.2,10.3,10.2,10.4,10.5,10.5,10.3,10,,
Channel Islands,CHI,"Birth rate, crude (per 1,000 people)",SP.DYN.CBRT.IN,11.991,11.645,11.336,11.092,10.923,10.829,10.796,10.791,10.787,10.771,10.73,10.657,10.557,10.438,10.306,10.17,10.044,9.939,9.861,,
Chile,CHL,"Birth rate, crude (per 1,000 people)",SP.DYN.CBRT.IN,16.556,16.092,15.713,15.412,15.184,15.021,14.914,14.841,14.78,14.712,14.613,14.463,14.258,14.002,13.7,13.369,13.031,12.711,12.428,,
China,CHN,"Birth rate, crude (per 1,000 people)",SP.DYN.CBRT.IN,14.03,13.38,12.86,12.41,12.29,12.4,12.09,12.1,12.14,12.13,11.9,11.93,12.1,12.08,12.37,12.07,12.95,12.43,10.9,,
Cote d'Ivoire,CIV,"Birth rate, crude (per 1,000 people)",SP.DYN.CBRT.IN,41.069,40.77,40.419,40.026,39.599,39.159,38.728,38.325,37.965,37.655,37.395,37.18,36.991,36.812,36.63,36.438,36.225,35.993,35.74,,
Cameroon,CMR,"Birth rate, crude (per 1,000 people)",SP.DYN.CBRT.IN,41.419,41.298,41.196,41.093,40.975,40.826,40.636,40.402,40.124,39.797,39.42,38.992,38.522,38.02,37.497,36.964,36.429,35.9,35.386,,
"Congo, Dem. Rep.",COD,"Birth rate, crude (per 1,000 people)",SP.DYN.CBRT.IN,45.965,45.931,45.892,45.844,45.782,45.702,45.6,45.47,45.307,45.105,44.855,44.549,44.186,43.771,43.309,42.808,42.278,41.732,41.183,,
"Congo, Rep.",COG,"Birth rate, crude (per 1,000 people)",SP.DYN.CBRT.IN,38.554,38.575,38.569,38.535,38.469,38.364,38.214,38.017,37.769,37.468,37.109,36.684,36.198,35.663,35.094,34.511,33.933,33.378,32.862,,
Colombia,COL,"Birth rate, crude (per 1,000 people)",SP.DYN.CBRT.IN,22.256,21.705,21.133,20.535,19.917,19.295,18.69,18.124,17.612,17.162,16.779,16.458,16.186,15.945,15.725,15.515,15.308,15.098,14.882,,
Comoros,COM,"Birth rate, crude (per 1,000 people)",SP.DYN.CBRT.IN,37.497,37.221,36.972,36.744,36.527,36.317,36.11,35.904,35.691,35.464,35.209,34.915,34.578,34.199,33.781,33.328,32.852,32.365,31.881,,
Cabo Verde,CPV,"Birth rate, crude (per 1,000 people)",SP.DYN.CBRT.IN,27.608,26.8,26.099,25.46,24.866,24.314,23.813,23.373,22.995,22.667,22.37,22.084,21.792,21.477,21.132,20.754,20.345,19.919,19.49,,
Costa Rica,CRI,"Birth rate, crude (per 1,000 people)",SP.DYN.CBRT.IN,19.335,18.648,18.038,17.512,17.074,16.72,16.444,16.225,16.041,15.877,15.719,15.554,15.381,15.194,14.989,14.762,14.512,14.246,13.971,,
Caribbean small states,CSS,"Birth rate, crude (per 1,000 people)",SP.DYN.CBRT.IN,20.41683311,19.98285852,19.5542637,19.26423793,18.95100781,18.67420633,18.39027559,18.19953221,17.98166823,17.76841613,17.51169884,17.34622323,17.13868123,16.93437195,16.65527549,16.52698734,16.31806897,16.10470507,15.88676789,,
Cuba,CUB,"Birth rate, crude (per 1,000 people)",SP.DYN.CBRT.IN,13.069,12.743,12.409,12.085,11.784,11.527,11.335,11.21,11.149,11.14,11.16,11.179,11.168,11.108,10.992,10.822,10.611,10.386,10.166,,
Curacao,CUW,"Birth rate, crude (per 1,000 people)",SP.DYN.CBRT.IN,,,,,,,13.6,13.4,13.8,13,13.6,13.1,13.4,12.7,12.6,11.9,11.2,9.7,10.8,,
Cayman Islands,CYM,"Birth rate, crude (per 1,000 people)",SP.DYN.CBRT.IN,15.39800995,15.04232164,13.73315745,14.29751687,15.18314199,15.74217958,13.44213257,13.75765084,14.16122004,14.58213511,14.78733081,14.47269635,13.63053239,12.53578478,12.47521625,10.98994141,10.76127896,9.902558821,9.9,,
Cyprus,CYP,"Birth rate, crude (per 1,000 people)",SP.DYN.CBRT.IN,13.2,12.765,12.421,12.153,11.957,11.821,11.733,11.674,11.626,11.577,11.517,11.441,11.353,11.255,11.143,11.011,10.852,10.668,10.462,,
Czech Republic,CZE,"Birth rate, crude (per 1,000 people)",SP.DYN.CBRT.IN,8.9,8.9,9.1,9.2,9.6,10,10.3,11.1,11.5,11.3,11.2,10.4,10.3,10.2,10.4,10.5,10.7,10.8,10.7,,
Germany,DEU,"Birth rate, crude (per 1,000 people)",SP.DYN.CBRT.IN,9.3,8.9,8.7,8.6,8.6,8.3,8.2,8.3,8.3,8.1,8.3,8.3,8.4,8.5,8.8,9,9.6,9.5,9.5,,
Djibouti,DJI,"Birth rate, crude (per 1,000 people)",SP.DYN.CBRT.IN,31.48,30.836,30.217,29.58,28.917,28.234,27.553,26.903,26.304,25.756,25.255,24.787,24.331,23.871,23.402,22.921,22.432,21.944,21.466,,
Dominica,DMA,"Birth rate, crude (per 1,000 people)",SP.DYN.CBRT.IN,,,15.4,,,,14.9,,,,13.16346398,,,,12,,,,,,
Denmark,DNK,"Birth rate, crude (per 1,000 people)",SP.DYN.CBRT.IN,12.6,12.2,11.9,12,12,11.9,12,11.7,11.8,11.4,11.4,10.6,10.4,10,10.1,10.2,10.8,10.6,10.6,,
Dominican Republic,DOM,"Birth rate, crude (per 1,000 people)",SP.DYN.CBRT.IN,24.771,24.356,23.959,23.572,23.196,22.836,22.496,22.182,21.896,21.636,21.398,21.178,20.969,20.761,20.547,20.32,20.07,19.799,19.506,,
Algeria,DZA,"Birth rate, crude (per 1,000 people)",SP.DYN.CBRT.IN,19.554,19.257,19.27,19.557,20.077,20.774,21.582,22.424,23.226,23.932,24.504,24.934,25.246,25.451,25.538,25.481,25.25,24.846,24.282,,
East Asia & Pacific (excluding high income),EAP,"Birth rate, crude (per 1,000 people)",SP.DYN.CBRT.IN,16.43590158,15.92613185,15.5166301,15.15848499,15.02684298,15.04980171,14.78042582,14.73009083,14.70036444,14.63703749,14.42273221,14.38174899,14.42897914,14.3410495,14.45548213,14.16614939,14.66625864,14.22487035,13.1120155,,
Early-demographic dividend,EAR,"Birth rate, crude (per 1,000 people)",SP.DYN.CBRT.IN,26.70192378,26.28652352,25.90024255,25.50863795,25.14215164,24.76157266,24.38983486,24.02199842,23.64283377,23.24826156,22.85107518,22.453785,22.07850752,21.73914919,21.41331741,21.09695261,20.78588491,20.48342107,20.20395574,,
East Asia & Pacific,EAS,"Birth rate, crude (per 1,000 people)",SP.DYN.CBRT.IN,15.83183809,15.30363858,14.90211496,14.56641452,14.40527552,14.3943871,14.18254147,14.17166207,14.13695639,14.05763184,13.86651699,13.83565814,13.8939707,13.7597776,13.85939304,13.60149588,14.02041509,13.58542385,12.56112065,,
Europe & Central Asia (excluding high income),ECA,"Birth rate, crude (per 1,000 people)",SP.DYN.CBRT.IN,13.05209741,13.05399715,13.36973523,13.51960292,13.82699821,13.71613421,14.02870515,14.60832605,15.14842172,15.2644098,15.31167425,15.29758848,15.58843853,15.60524085,15.6759072,15.61444006,15.2740749,14.42011159,14.40100285,,
Europe & Central Asia,ECS,"Birth rate, crude (per 1,000 people)",SP.DYN.CBRT.IN,11.67714587,11.53652554,11.62785003,11.7226455,11.91535435,11.85344995,12.06046392,12.34848844,12.72092189,12.67624331,12.70589872,12.55387114,12.62722255,12.44951559,12.53131643,12.44685996,12.34642014,11.8789782,11.72984008,,
Ecuador,ECU,"Birth rate, crude (per 1,000 people)",SP.DYN.CBRT.IN,25.503,24.97,24.441,23.933,23.455,23.019,22.631,22.287,21.982,21.712,21.471,21.253,21.049,20.848,20.645,20.432,20.205,19.968,19.719,,
"Egypt, Arab Rep.",EGY,"Birth rate, crude (per 1,000 people)",SP.DYN.CBRT.IN,25.958,25.578,25.258,25.015,24.864,24.849,25.024,25.393,25.93,26.584,27.266,27.871,28.308,28.518,28.475,28.182,27.677,27.05,26.379,,
Euro area,EMU,"Birth rate, crude (per 1,000 people)",SP.DYN.CBRT.IN,10.62807488,10.39404262,10.33469071,10.34517445,10.41977562,10.30304328,10.37998274,10.38322749,10.55417881,10.34271587,10.35785545,10.16384982,10.0002664,9.736224682,9.793105336,9.663873129,9.708074286,9.480008473,9.274466109,,
Eritrea,ERI,"Birth rate, crude (per 1,000 people)",SP.DYN.CBRT.IN,32.518,33.17,34.019,34.936,35.819,36.552,37.038,37.25,37.184,36.84,36.25,35.476,34.616,33.753,32.936,32.191,31.521,30.898,30.302,,
Spain,ESP,"Birth rate, crude (per 1,000 people)",SP.DYN.CBRT.IN,9.8,9.9,10.1,10.4,10.6,10.6,10.8,10.9,11.3,10.6,10.4,10.1,9.7,9.1,9.2,9,8.8,8.4,7.9,,
Estonia,EST,"Birth rate, crude (per 1,000 people)",SP.DYN.CBRT.IN,9.4,9.1,9.4,9.5,10.3,10.6,11,11.8,12,11.8,11.9,11.1,10.6,10.3,10.3,10.6,10.7,10.5,10.9,,
Ethiopia,ETH,"Birth rate, crude (per 1,000 people)",SP.DYN.CBRT.IN,43.728,42.902,42.012,41.097,40.186,39.307,38.485,37.726,37.035,36.414,35.861,35.369,34.916,34.483,34.059,33.635,33.207,32.775,32.339,,
European Union,EUU,"Birth rate, crude (per 1,000 people)",SP.DYN.CBRT.IN,10.4616212,10.21975336,10.14237921,10.15761824,10.26174897,10.22986065,10.34279639,10.39211452,10.63776153,10.47770495,10.44658406,10.14624842,10.03157655,9.748571812,9.858277993,9.741875132,9.839702283,9.694553283,9.465559593,,
Fragile and conflict affected situations,FCS,"Birth rate, crude (per 1,000 people)",SP.DYN.CBRT.IN,39.30242189,39.12171401,38.93661965,38.73445554,38.53061414,38.30451412,38.05288282,37.78798233,37.4978118,37.19893495,36.87742634,36.52860009,36.15572317,35.76160024,35.3539117,34.93992844,34.52839713,34.12507294,33.7337593,,
Finland,FIN,"Birth rate, crude (per 1,000 people)",SP.DYN.CBRT.IN,11,10.8,10.7,10.9,11,11,11.2,11.1,11.2,11.3,11.4,11.1,11,10.7,10.5,10.1,9.6,9.1,8.6,,
Fiji,FJI,"Birth rate, crude (per 1,000 people)",SP.DYN.CBRT.IN,24.738,24.393,24.058,23.725,23.399,23.094,22.827,22.613,22.456,22.353,22.292,22.259,22.23,22.185,22.108,21.983,21.799,21.56,21.277,,
France,FRA,"Birth rate, crude (per 1,000 people)",SP.DYN.CBRT.IN,13.3,13.1,12.9,12.8,12.8,12.8,13.1,12.8,12.9,12.8,12.9,12.7,12.6,12.4,12.4,12,11.8,11.5,11.3,,
Faroe Islands,FRO,"Birth rate, crude (per 1,000 people)",SP.DYN.CBRT.IN,15.1,13.6,15,14.7,14.8,14.7,13.7,14,13.8,12.6,13.2,12,12.9,13,13.2,12.4,13.6,13.1,13.4,,
"Micronesia, Fed. Sts.",FSM,"Birth rate, crude (per 1,000 people)",SP.DYN.CBRT.IN,29.908,29.227,28.502,27.765,27.042,26.36,25.747,25.211,24.758,24.388,24.098,23.871,23.686,23.521,23.365,23.213,23.069,22.937,22.82,,
Gabon,GAB,"Birth rate, crude (per 1,000 people)",SP.DYN.CBRT.IN,33.377,33.08,32.865,32.728,32.668,32.678,32.751,32.863,32.99,33.11,33.206,33.265,33.281,33.242,33.132,32.927,32.604,32.161,31.611,,
United Kingdom,GBR,"Birth rate, crude (per 1,000 people)",SP.DYN.CBRT.IN,11.5,11.3,11.3,11.7,11.9,12,12.3,12.6,12.9,12.7,12.9,12.8,12.8,12.1,12,11.9,11.8,11.4,11,,
Georgia,GEO,"Birth rate, crude (per 1,000 people)",SP.DYN.CBRT.IN,12.063,11.875,11.815,11.875,12.043,12.3,12.62,12.968,13.309,13.615,13.861,14.036,14.142,14.186,14.165,14.078,13.925,13.718,13.472,,
Ghana,GHA,"Birth rate, crude (per 1,000 people)",SP.DYN.CBRT.IN,35.671,35.214,34.772,34.358,33.979,33.64,33.345,33.084,32.846,32.619,32.385,32.127,31.834,31.5,31.125,30.714,30.28,29.839,29.407,,
Gibraltar,GIB,"Birth rate, crude (per 1,000 people)",SP.DYN.CBRT.IN,,,,,,,,,,,,,,,,,,,,,
Guinea,GIN,"Birth rate, crude (per 1,000 people)",SP.DYN.CBRT.IN,44.21,43.766,43.318,42.866,42.411,41.956,41.501,41.048,40.598,40.153,39.713,39.278,38.848,38.422,38,37.583,37.171,36.765,36.364,,
"Gambia, The",GMB,"Birth rate, crude (per 1,000 people)",SP.DYN.CBRT.IN,42.682,42.366,42.101,41.875,41.683,41.52,41.381,41.259,41.142,41.02,40.881,40.716,40.522,40.295,40.029,39.719,39.363,38.967,38.535,,
Guinea-Bissau,GNB,"Birth rate, crude (per 1,000 people)",SP.DYN.CBRT.IN,41.828,41.529,41.262,41.01,40.765,40.518,40.264,40,39.722,39.421,39.089,38.714,38.298,37.841,37.346,36.819,36.265,35.697,35.125,,
Equatorial Guinea,GNQ,"Birth rate, crude (per 1,000 people)",SP.DYN.CBRT.IN,41.136,40.947,40.723,40.468,40.182,39.859,39.493,39.082,38.626,38.132,37.604,37.049,36.476,35.899,35.326,34.768,34.234,33.725,33.241,,
Greece,GRC,"Birth rate, crude (per 1,000 people)",SP.DYN.CBRT.IN,9.6,9.4,9.5,9.6,9.6,9.8,10.2,10.1,10.7,10.6,10.3,9.6,9.1,8.6,8.5,8.5,8.6,8.2,8.1,,
Grenada,GRD,"Birth rate, crude (per 1,000 people)",SP.DYN.CBRT.IN,18.444,18.054,17.77,17.583,17.479,17.438,17.441,17.468,17.497,17.512,17.501,17.461,17.398,17.315,17.209,17.074,16.905,16.701,16.465,,
Greenland,GRL,"Birth rate, crude (per 1,000 people)",SP.DYN.CBRT.IN,15.6,16.7,16.9,15.5,15.7,15.6,14.8,15.1,14.8,15.9,15.3,14.4,13.9,14.5,14.3,15.2,14.8,15.2,14.6,,
Guatemala,GTM,"Birth rate, crude (per 1,000 people)",SP.DYN.CBRT.IN,35.341,34.716,34.006,33.212,32.35,31.454,30.562,29.716,28.946,28.269,27.688,27.197,26.766,26.369,25.992,25.627,25.267,24.912,24.561,,
Guam,GUM,"Birth rate, crude (per 1,000 people)",SP.DYN.CBRT.IN,21.936,21.466,20.957,20.435,19.918,19.426,18.982,18.594,18.265,17.998,17.784,17.611,17.459,17.311,17.161,17.007,16.854,16.71,16.579,,
Guyana,GUY,"Birth rate, crude (per 1,000 people)",SP.DYN.CBRT.IN,25.704,25.101,24.47,23.836,23.223,22.664,22.188,21.804,21.513,21.309,21.176,21.088,21.011,20.918,20.793,20.629,20.427,20.202,19.967,,
High income,HIC,"Birth rate, crude (per 1,000 people)",SP.DYN.CBRT.IN,12.30683563,11.9582994,11.80878795,11.81998721,11.74757879,11.67171457,11.86224495,11.96140709,11.97658293,11.72272576,11.58172498,11.38192635,11.3313595,11.00640294,11.04609011,10.94701976,10.84619226,10.55026471,10.30091993,,
"Hong Kong SAR, China",HKG,"Birth rate, crude (per 1,000 people)",SP.DYN.CBRT.IN,8.1,7.2,7.1,6.9,7.2,8.4,9.6,10.2,11.3,11.8,12.6,13.5,12.8,8,8.6,8.2,8.3,7.7,7.2,,
Honduras,HND,"Birth rate, crude (per 1,000 people)",SP.DYN.CBRT.IN,33.829,32.927,31.981,31.029,30.092,29.181,28.297,27.432,26.588,25.777,25.02,24.336,23.737,23.223,22.792,22.433,22.13,21.859,21.599,,
Heavily indebted poor countries (HIPC),HPC,"Birth rate, crude (per 1,000 people)",SP.DYN.CBRT.IN,42.95072661,42.62657367,42.28716342,41.93524041,41.57076066,41.19128844,40.79529415,40.3815655,39.95127112,39.5063202,39.04826399,38.57886687,38.10099996,37.61908679,37.13779039,36.6621661,36.19633514,35.74145294,35.2984689,,
Croatia,HRV,"Birth rate, crude (per 1,000 people)",SP.DYN.CBRT.IN,9.8,9.2,9,8.9,9.1,9.563,9.33,9.4,9.9,10.1,9.8,9.6,9.8,9.4,9.3,8.9,9,8.9,9,,
Haiti,HTI,"Birth rate, crude (per 1,000 people)",SP.DYN.CBRT.IN,31.777,31.328,30.891,30.465,30.048,29.638,29.235,28.838,28.443,28.048,27.651,27.248,26.839,26.423,26.002,25.581,25.162,24.75,24.349,,
Hungary,HUN,"Birth rate, crude (per 1,000 people)",SP.DYN.CBRT.IN,9.6,9.5,9.5,9.3,9.4,9.7,9.9,9.7,9.9,9.6,9,8.8,9.1,9,9.5,9.4,9.7,9.7,9.6,,
IBRD only,IBD,"Birth rate, crude (per 1,000 people)",SP.DYN.CBRT.IN,19.72989241,19.33578037,19.01533812,18.72344733,18.53945333,18.39977849,18.15263673,18.01657317,17.8898349,17.70350196,17.44175775,17.25149248,17.13911826,16.93328296,16.84499537,16.57650762,16.65046741,16.27296243,15.64827847,,
IDA & IBRD total,IBT,"Birth rate, crude (per 1,000 people)",SP.DYN.CBRT.IN,23.53467117,23.1811662,22.89363582,22.6211251,22.44508429,22.29515184,22.06811582,21.93142968,21.79742434,21.61090375,21.36397157,21.16674535,21.03071136,20.83168813,20.71812284,20.46444183,20.46173908,20.11980524,19.608656,,
IDA total,IDA,"Birth rate, crude (per 1,000 people)",SP.DYN.CBRT.IN,37.60669085,37.22230525,36.87164082,36.48803296,36.15958894,35.79478042,35.45795524,35.14135237,34.80824156,34.45111794,34.08198922,33.69906817,33.33333286,33.00400883,32.66044392,32.30039117,31.91443161,31.5275616,31.1919667,,
IDA blend,IDB,"Birth rate, crude (per 1,000 people)",SP.DYN.CBRT.IN,37.31612139,36.95132071,36.68558647,36.32481746,36.11429147,35.81274543,35.5862871,35.43610074,35.23633474,34.95184127,34.61947106,34.24875112,33.91217158,33.68014882,33.38116169,33.03054663,32.60418777,32.16562426,31.83334497,,
Indonesia,IDN,"Birth rate, crude (per 1,000 people)",SP.DYN.CBRT.IN,21.773,21.812,21.86,21.88,21.852,21.765,21.624,21.448,21.251,21.034,20.795,20.526,20.225,19.893,19.537,19.165,18.79,18.422,18.072,,
IDA only,IDX,"Birth rate, crude (per 1,000 people)",SP.DYN.CBRT.IN,37.75243533,37.3581298,36.9648114,36.56964983,36.18221694,35.78581183,35.39388292,34.99415643,34.59425476,34.20053173,33.81240033,33.42280846,33.04194392,32.66308981,32.29644979,31.93123208,31.56539821,31.20452885,30.86719883,,
Isle of Man,IMN,"Birth rate, crude (per 1,000 people)",SP.DYN.CBRT.IN,,,11.4,,,11.4,,11.4,,,,,,,,,,,,,
India,IND,"Birth rate, crude (per 1,000 people)",SP.DYN.CBRT.IN,26.401,25.944,25.489,25.034,24.571,24.087,23.564,22.996,22.39,21.755,21.114,20.495,19.923,19.416,18.984,18.625,18.332,18.083,17.857,,
Not classified,INX,"Birth rate, crude (per 1,000 people)",SP.DYN.CBRT.IN,,,,,,,,,,,,,,,,,,,,,
Ireland,IRL,"Birth rate, crude (per 1,000 people)",SP.DYN.CBRT.IN,14.4,15,15.4,15.4,15.2,14.8,15.3,16.2,16.7,16.7,16.5,16.2,15.6,14.9,14.4,13.9,13.4,12.9,12.5,,
"Iran, Islamic Rep.",IRN,"Birth rate, crude (per 1,000 people)",SP.DYN.CBRT.IN,17.654,17.398,17.278,17.259,17.309,17.401,17.52,17.663,17.823,17.986,18.154,18.335,18.533,18.739,18.93,19.066,19.102,19.011,18.783,,
Iraq,IRQ,"Birth rate, crude (per 1,000 people)",SP.DYN.CBRT.IN,35.821,35.47,35.104,34.742,34.396,34.092,33.854,33.681,33.558,33.464,33.349,33.152,32.834,32.378,31.791,31.109,30.388,29.693,29.075,,
Iceland,ISL,"Birth rate, crude (per 1,000 people)",SP.DYN.CBRT.IN,15.3,14.4,14.1,14.3,14.5,14.4,14.5,14.6,15.2,15.8,15.4,14.1,14.1,13.4,13.4,12.5,12,11.9,12,,
Israel,ISR,"Birth rate, crude (per 1,000 people)",SP.DYN.CBRT.IN,21.7,21.2,21.2,21.7,21.3,20.8,21,21.1,21.5,21.5,21.8,21.4,21.6,21.3,21.5,21.3,21.2,21.1,20.8,,
Italy,ITA,"Birth rate, crude (per 1,000 people)",SP.DYN.CBRT.IN,9.5,9.4,9.4,9.5,9.8,9.6,9.6,9.7,9.8,9.6,9.5,9.2,9,8.5,8.3,8,7.8,7.6,7.3,,
Jamaica,JAM,"Birth rate, crude (per 1,000 people)",SP.DYN.CBRT.IN,21.372,20.838,20.334,19.881,19.485,19.144,18.845,18.566,18.291,18.016,17.742,17.478,17.233,17.012,16.814,16.633,16.46,16.286,16.103,,
Jordan,JOR,"Birth rate, crude (per 1,000 people)",SP.DYN.CBRT.IN,31.709,31.462,31.248,31.047,30.844,30.617,30.348,30.021,29.624,29.145,28.564,27.862,27.05,26.157,25.214,24.274,23.396,22.622,21.979,,
Japan,JPN,"Birth rate, crude (per 1,000 people)",SP.DYN.CBRT.IN,9.4,9.3,9.3,9.2,8.693604565,8.413292219,8.65,8.63,8.7,8.5,8.5,8.3,8.2,8.2,8,8,7.8,7.6,7.4,,
Kazakhstan,KAZ,"Birth rate, crude (per 1,000 people)",SP.DYN.CBRT.IN,14.92,14.91,15.29,16.63,18.19,18.42,19.71,20.79,22.75,22.14,22.53,22.51,22.7,22.73,23.1,22.71,22.52,21.64,21.77,,
Kenya,KEN,"Birth rate, crude (per 1,000 people)",SP.DYN.CBRT.IN,40.037,39.777,39.468,39.135,38.773,38.366,37.89,37.33,36.678,35.942,35.128,34.249,33.333,32.415,31.522,30.688,29.943,29.296,28.748,,
Kyrgyz Republic,KGZ,"Birth rate, crude (per 1,000 people)",SP.DYN.CBRT.IN,19.8,19.8,20.2,20.9,21.5,21.3,23.1,23.4,23.9,25.2,26.8,27.1,27.6,27.2,27.7,27.4,26,24.8,27.1,,
Cambodia,KHM,"Birth rate, crude (per 1,000 people)",SP.DYN.CBRT.IN,28.058,27.326,26.793,26.44,26.241,26.147,26.101,26.05,25.947,25.767,25.502,25.166,24.797,24.422,24.048,23.674,23.291,22.889,22.464,,
Kiribati,KIR,"Birth rate, crude (per 1,000 people)",SP.DYN.CBRT.IN,30.579,30.219,29.947,29.745,29.604,29.521,29.492,29.503,29.54,29.581,29.605,29.592,29.531,29.413,29.23,28.98,28.663,28.294,27.887,,
St. Kitts and Nevis,KNA,"Birth rate, crude (per 1,000 people)",SP.DYN.CBRT.IN,,17.3,17.3,,,,,,,,,,,,12.6,,,,,,
"Korea, Rep.",KOR,"Birth rate, crude (per 1,000 people)",SP.DYN.CBRT.IN,13.3,11.6,10.2,10.2,9.8,8.9,9.2,10,9.4,9,9.4,9.4,9.6,8.6,8.6,8.6,7.9,7,6.4,,
Kuwait,KWT,"Birth rate, crude (per 1,000 people)",SP.DYN.CBRT.IN,22.817,22.294,21.77,21.365,21.103,20.962,20.878,20.751,20.509,20.129,19.61,18.972,18.265,17.537,16.807,16.086,15.369,14.651,13.939,,
Latin America & Caribbean (excluding high income),LAC,"Birth rate, crude (per 1,000 people)",SP.DYN.CBRT.IN,22.53960447,22.06110421,21.58071334,21.10674514,20.64339503,20.19995243,19.78366361,19.40100095,19.05081574,18.73422753,18.44852736,18.19047426,17.95036006,17.71995553,17.49236518,17.26390687,17.02937845,16.78973996,16.54637892,,
Lao PDR,LAO,"Birth rate, crude (per 1,000 people)",SP.DYN.CBRT.IN,31.985,31.067,30.314,29.7,29.21,28.811,28.46,28.115,27.743,27.329,26.875,26.399,25.932,25.496,25.091,24.71,24.337,23.955,23.549,,
Lebanon,LBN,"Birth rate, crude (per 1,000 people)",SP.DYN.CBRT.IN,21.119,20.083,19.071,18.119,17.269,16.579,16.105,15.858,15.825,15.982,16.281,16.662,17.049,17.38,17.617,17.737,17.744,17.67,17.545,,
Liberia,LBR,"Birth rate, crude (per 1,000 people)",SP.DYN.CBRT.IN,42.914,42.468,41.958,41.406,40.821,40.213,39.588,38.95,38.309,37.674,37.053,36.451,35.872,35.316,34.789,34.297,33.843,33.426,33.042,,
Libya,LBY,"Birth rate, crude (per 1,000 people)",SP.DYN.CBRT.IN,21.626,21.381,21.246,21.211,21.256,21.363,21.511,21.672,21.816,21.912,21.928,21.837,21.638,21.336,20.94,20.465,19.935,19.38,18.829,,
St. Lucia,LCA,"Birth rate, crude (per 1,000 people)",SP.DYN.CBRT.IN,18.647,17.562,16.58,15.733,15.037,14.493,14.083,13.766,13.505,13.28,13.08,12.901,12.747,12.618,12.502,12.389,12.271,12.143,12,,
Latin America & Caribbean,LCN,"Birth rate, crude (per 1,000 people)",SP.DYN.CBRT.IN,22.24734157,21.77056548,21.29658696,20.8329552,20.38626086,19.9581078,19.5535502,19.18452631,18.84957158,18.54588085,18.26866681,18.01731483,17.77954684,17.54924781,17.32051683,17.08869951,16.85020361,16.60509736,16.36224575,,
Least developed countries: UN classification,LDC,"Birth rate, crude (per 1,000 people)",SP.DYN.CBRT.IN,38.53872956,38.15237649,37.76112166,37.36612698,36.96722751,36.56362468,36.15597258,35.74548021,35.33456764,34.92403898,34.51548733,34.10992162,33.70771456,33.3099431,32.9179389,32.53349754,32.15847168,31.79174291,31.43290542,,
Low income,LIC,"Birth rate, crude (per 1,000 people)",SP.DYN.CBRT.IN,42.06961499,41.70969175,41.34181832,40.96871513,40.58942396,40.20052045,39.79886467,39.38199139,38.95204369,38.51358278,38.071505,37.62980529,37.19096488,36.75616132,36.32433169,35.89459654,35.46811502,35.04406504,34.62114307,,
Liechtenstein,LIE,"Birth rate, crude (per 1,000 people)",SP.DYN.CBRT.IN,12.9,12.1,11.7,10.2,10.8,11,10.3,10,9.9,11.4,9.1,10.9,9.7,9.2,10,8.7,10,8.9,9.9,,
Sri Lanka,LKA,"Birth rate, crude (per 1,000 people)",SP.DYN.CBRT.IN,18.463,18.492,18.535,18.574,18.592,18.576,18.513,18.404,18.252,18.061,17.838,17.594,17.343,17.093,16.849,16.609,16.364,16.106,15.831,,
Lower middle income,LMC,"Birth rate, crude (per 1,000 people)",SP.DYN.CBRT.IN,28.25131405,27.86751111,27.52508511,27.17374965,26.85428245,26.50580973,26.18343793,25.85101452,25.50887862,25.13578249,24.74869742,24.36700188,24.00955496,23.67751858,23.35998487,23.05521444,22.75007797,22.44976015,22.19005791,,
Low & middle income,LMY,"Birth rate, crude (per 1,000 people)",SP.DYN.CBRT.IN,23.70136591,23.34398007,23.05226243,22.77293673,22.58866426,22.43000597,22.1952465,22.05097595,21.90465213,21.71406892,21.46490385,21.27242533,21.1338031,20.9373333,20.81902426,20.56351582,20.55685434,20.20875699,19.69755068,,
Lesotho,LSO,"Birth rate, crude (per 1,000 people)",SP.DYN.CBRT.IN,30.952,30.96,30.935,30.851,30.695,30.469,30.188,29.887,29.59,29.306,29.042,28.797,28.559,28.318,28.068,27.799,27.501,27.17,26.808,,
Late-demographic dividend,LTE,"Birth rate, crude (per 1,000 people)",SP.DYN.CBRT.IN,14.75107196,14.253428,13.87435274,13.54258268,13.42347723,13.41161002,13.19078248,13.21849545,13.27805087,13.25230685,13.09632631,13.07449455,13.19592836,13.13217022,13.29720975,13.06877551,13.5354492,13.06690588,12.06976643,,
Lithuania,LTU,"Birth rate, crude (per 1,000 people)",SP.DYN.CBRT.IN,9.8,9,8.6,8.8,8.8,8.9,9.1,9.3,9.9,10.2,9.9,10,10.2,10.1,10.4,10.8,10.7,10.1,10,,
Luxembourg,LUX,"Birth rate, crude (per 1,000 people)",SP.DYN.CBRT.IN,13.1,12.4,12,11.7,11.9,11.5,11.7,11.4,11.5,11.3,11.6,10.9,11.3,11.3,10.9,10.7,10.4,10.4,10.3,,
Latvia,LVA,"Birth rate, crude (per 1,000 people)",SP.DYN.CBRT.IN,8.6,8.4,8.7,9.2,9.1,9.8,10.3,10.9,11.2,10.3,9.4,9.1,9.8,10.2,10.9,11.1,11.2,10.7,10,,
"Macao SAR, China",MAC,"Birth rate, crude (per 1,000 people)",SP.DYN.CBRT.IN,8.93,8.363,7.951,7.72,7.674,7.812,8.122,8.555,9.06,9.591,10.1,10.544,10.904,11.165,11.317,11.36,11.31,11.2,11.058,,
St. Martin (French part),MAF,"Birth rate, crude (per 1,000 people)",SP.DYN.CBRT.IN,17.4,17.3,17.3,17.3,17.4,17.5,17.5,17.4,17.2,17,16.8,16.6,16.3,16,15.7,15.4,15.2,14.9,14.7,,
Morocco,MAR,"Birth rate, crude (per 1,000 people)",SP.DYN.CBRT.IN,22.236,21.953,21.727,21.533,21.361,21.218,21.123,21.086,21.105,21.158,21.21,21.214,21.139,20.964,20.684,20.31,19.868,19.399,18.937,,
Monaco,MCO,"Birth rate, crude (per 1,000 people)",SP.DYN.CBRT.IN,,,,,25,,,,,,,,,,,8.1,7.8,,5.9,,
Moldova,MDA,"Birth rate, crude (per 1,000 people)",SP.DYN.CBRT.IN,11.298,10.832,10.494,10.305,10.263,10.345,10.51,10.704,10.878,11.003,11.062,11.049,10.984,10.886,10.759,10.609,10.445,10.274,10.1,,
Madagascar,MDG,"Birth rate, crude (per 1,000 people)",SP.DYN.CBRT.IN,41.275,40.591,39.893,39.206,38.547,37.923,37.334,36.769,36.222,35.697,35.204,34.753,34.348,33.989,33.673,33.392,33.138,32.897,32.657,,
Maldives,MDV,"Birth rate, crude (per 1,000 people)",SP.DYN.CBRT.IN,21.385,20.439,19.823,19.492,19.398,19.471,19.629,19.787,19.865,19.812,19.585,19.168,18.603,17.939,17.2,16.421,15.641,14.891,14.199,,
Middle East & North Africa,MEA,"Birth rate, crude (per 1,000 people)",SP.DYN.CBRT.IN,24.64485984,24.29862537,24.0587456,23.90798256,23.80658904,23.7655536,23.80363757,23.88961534,24.00514176,24.14009024,24.26481234,24.33338725,24.35022339,24.27755928,24.1206814,23.85331359,23.49055237,23.05698266,22.57852544,,
Mexico,MEX,"Birth rate, crude (per 1,000 people)",SP.DYN.CBRT.IN,23.85,23.43,23.009,22.584,22.158,21.741,21.343,20.973,20.635,20.327,20.042,19.766,19.488,19.198,18.892,18.573,18.245,17.918,17.602,,
Marshall Islands,MHL,"Birth rate, crude (per 1,000 people)",SP.DYN.CBRT.IN,,,,,,35,35,35,,,,29.02832074,,,,,,,,,
Middle income,MIC,"Birth rate, crude (per 1,000 people)",SP.DYN.CBRT.IN,22.10085768,21.72003052,21.41006019,21.11308897,20.92003584,20.75600767,20.50991037,20.36446147,20.21889836,20.02682054,19.77193544,19.58086899,19.45024205,19.25629072,19.14890295,18.88910618,18.90515763,18.54169591,17.99521982,,
North Macedonia,MKD,"Birth rate, crude (per 1,000 people)",SP.DYN.CBRT.IN,12.995,12.692,12.406,12.125,11.849,11.594,11.379,11.223,11.131,11.099,11.114,11.156,11.2,11.224,11.215,11.166,11.075,10.953,10.811,,
Mali,MLI,"Birth rate, crude (per 1,000 people)",SP.DYN.CBRT.IN,48.784,48.785,48.767,48.714,48.613,48.444,48.191,47.853,47.434,46.939,46.379,45.769,45.129,44.482,43.843,43.226,42.638,42.078,41.543,,
Malta,MLT,"Birth rate, crude (per 1,000 people)",SP.DYN.CBRT.IN,11.3,10.1,9.9,10.2,9.7,9.6,9.3,9.3,9.8,9.8,9.4,10,9.8,9.5,9.6,9.7,9.8,9.2,9.2,,
Myanmar,MMR,"Birth rate, crude (per 1,000 people)",SP.DYN.CBRT.IN,24.588,24.377,24.089,23.72,23.271,22.746,22.16,21.542,20.925,20.33,19.782,19.301,18.889,18.544,18.264,18.041,17.861,17.703,17.552,,
Middle East & North Africa (excluding high income),MNA,"Birth rate, crude (per 1,000 people)",SP.DYN.CBRT.IN,24.72912694,24.41124307,24.19435246,24.06353873,24.01223804,24.03737351,24.14676727,24.32316838,24.53333472,24.77794719,25.00116664,25.1688901,25.25889111,25.25258146,25.13526891,24.89880253,24.5488393,24.11568729,23.63155148,,
Montenegro,MNE,"Birth rate, crude (per 1,000 people)",SP.DYN.CBRT.IN,13.688,13.584,13.511,13.453,13.4,13.333,13.235,13.1,12.93,12.729,12.513,12.305,12.125,11.987,11.893,11.837,11.804,11.775,11.732,,
Mongolia,MNG,"Birth rate, crude (per 1,000 people)",SP.DYN.CBRT.IN,19.307,19.009,18.969,19.176,19.606,20.237,21.041,21.958,22.916,23.843,24.665,25.318,25.776,26.026,26.053,25.849,25.425,24.833,24.131,,
Northern Mariana Islands,MNP,"Birth rate, crude (per 1,000 people)",SP.DYN.CBRT.IN,,,,,,,,,,,,,,,,,,,,,
Mozambique,MOZ,"Birth rate, crude (per 1,000 people)",SP.DYN.CBRT.IN,44.769,44.607,44.375,44.067,43.687,43.243,42.751,42.234,41.713,41.203,40.715,40.254,39.816,39.396,38.993,38.607,38.236,37.876,37.52,,
Mauritania,MRT,"Birth rate, crude (per 1,000 people)",SP.DYN.CBRT.IN,38.14,37.984,37.824,37.66,37.492,37.325,37.161,37.003,36.845,36.683,36.502,36.288,36.032,35.729,35.381,34.991,34.569,34.132,33.694,,
Mauritius,MUS,"Birth rate, crude (per 1,000 people)",SP.DYN.CBRT.IN,17,16.5,16.6,15.9,15.7,15.3,14.3,13.7,13.2,12.3,12,11.7,11.5,10.9,10.6,10.1,10.4,10.7,10.2,,
Malawi,MWI,"Birth rate, crude (per 1,000 people)",SP.DYN.CBRT.IN,43.727,43.574,43.446,43.336,43.217,43.046,42.77,42.361,41.807,41.111,40.292,39.383,38.436,37.506,36.629,35.839,35.163,34.593,34.118,,
Malaysia,MYS,"Birth rate, crude (per 1,000 people)",SP.DYN.CBRT.IN,21.98,20.983,20.066,19.276,18.639,18.164,17.839,17.619,17.461,17.345,17.258,17.19,17.142,17.106,17.071,17.024,16.957,16.867,16.752,,
North America,NAC,"Birth rate, crude (per 1,000 people)",SP.DYN.CBRT.IN,14.03697913,13.76612789,13.65581811,13.75566865,13.65566519,13.66541092,13.96509696,13.99473693,13.73371709,13.28250635,12.811622,12.53083239,12.44019039,12.239772,12.32935753,12.22915239,12.03865068,11.64796524,11.44661197,,
Namibia,NAM,"Birth rate, crude (per 1,000 people)",SP.DYN.CBRT.IN,30.866,30.208,29.71,29.398,29.273,29.321,29.508,29.769,30.041,30.28,30.448,30.52,30.499,30.391,30.192,29.904,29.534,29.105,28.639,,
New Caledonia,NCL,"Birth rate, crude (per 1,000 people)",SP.DYN.CBRT.IN,21.4,19.9,18.9,18.2,17.4,17.4,17.9,17.1,16.5,16.7,16.7,16.2,16.9,16.6,16.3,15.4,15.4,14.5,14.5,,
Niger,NER,"Birth rate, crude (per 1,000 people)",SP.DYN.CBRT.IN,53.541,53.24,52.915,52.568,52.202,51.82,51.428,51.029,50.625,50.217,49.802,49.374,48.929,48.466,47.988,47.502,47.017,46.54,46.079,,
Nigeria,NGA,"Birth rate, crude (per 1,000 people)",SP.DYN.CBRT.IN,43.156,43.083,42.989,42.868,42.717,42.537,42.333,42.111,41.874,41.62,41.341,41.025,40.668,40.267,39.828,39.359,38.873,38.384,37.905,,
Nicaragua,NIC,"Birth rate, crude (per 1,000 people)",SP.DYN.CBRT.IN,27.054,26.508,26.04,25.635,25.279,24.961,24.67,24.395,24.125,23.849,23.558,23.249,22.924,22.585,22.231,21.859,21.468,21.06,20.641,,
Netherlands,NLD,"Birth rate, crude (per 1,000 people)",SP.DYN.CBRT.IN,13,12.6,12.5,12.3,11.9,11.5,11.3,11.1,11.2,11.2,11.1,10.8,10.5,10.2,10.4,10.1,10.1,9.9,9.7,,
Norway,NOR,"Birth rate, crude (per 1,000 people)",SP.DYN.CBRT.IN,13.2,12.6,12.2,12.4,12.4,12.3,12.6,12.4,12.7,12.8,12.6,12.2,12,11.6,11.5,11.3,11.3,10.7,10.4,,
Nepal,NPL,"Birth rate, crude (per 1,000 people)",SP.DYN.CBRT.IN,31.547,30.398,29.236,28.105,27.037,26.061,25.196,24.434,23.767,23.189,22.692,22.262,21.879,21.523,21.18,20.844,20.515,20.196,19.887,,
Nauru,NRU,"Birth rate, crude (per 1,000 people)",SP.DYN.CBRT.IN,,,,,,,,,,,,,,,,,,,,,
New Zealand,NZL,"Birth rate, crude (per 1,000 people)",SP.DYN.CBRT.IN,14.66,14.36,13.67,13.94,14.2,13.96,14.14,15.15,15.1,14.53,14.68,14,13.87,13.2,12.68,13.27,12.65,12.43,11.98,,
OECD members,OED,"Birth rate, crude (per 1,000 people)",SP.DYN.CBRT.IN,13.75197271,13.44041913,13.26611185,13.23716013,13.10886262,12.97305679,13.08489495,13.11986253,13.07249259,12.79924214,12.65846601,12.42863166,12.32497783,12.06443273,12.05099639,11.93438499,11.81783714,11.54196076,11.31256885,,
Oman,OMN,"Birth rate, crude (per 1,000 people)",SP.DYN.CBRT.IN,24.139,23.361,22.747,22.299,22.004,21.838,21.77,21.757,21.757,21.737,21.676,21.57,21.424,21.24,21.005,20.697,20.292,19.786,19.189,,
Other small states,OSS,"Birth rate, crude (per 1,000 people)",SP.DYN.CBRT.IN,28.07015022,27.73639758,27.53022048,27.2912067,27.07364764,26.82327827,26.51518133,26.24028893,25.94686164,25.61492782,25.3277311,25.03692354,24.77641549,24.50192948,24.26301667,23.99967188,23.74460358,23.44140939,23.12260156,,
Pakistan,PAK,"Birth rate, crude (per 1,000 people)",SP.DYN.CBRT.IN,34.703,34.019,33.376,32.781,32.239,31.755,31.332,30.96,30.631,30.339,30.082,29.86,29.667,29.491,29.318,29.124,28.888,28.599,28.25,,
Panama,PAN,"Birth rate, crude (per 1,000 people)",SP.DYN.CBRT.IN,23.452,23.139,22.832,22.543,22.278,22.04,21.83,21.64,21.46,21.285,21.102,20.902,20.678,20.429,20.155,19.863,19.562,19.263,18.976,,
Peru,PER,"Birth rate, crude (per 1,000 people)",SP.DYN.CBRT.IN,23.328,22.935,22.65,22.453,22.32,22.204,22.052,21.828,21.512,21.103,20.621,20.109,19.617,19.185,18.827,18.544,18.323,18.134,17.949,,
Philippines,PHL,"Birth rate, crude (per 1,000 people)",SP.DYN.CBRT.IN,29.606,29.279,28.89,28.436,27.922,27.372,26.823,26.307,25.841,25.422,25.024,24.602,24.12,23.562,22.935,22.273,21.623,21.036,20.546,,
Palau,PLW,"Birth rate, crude (per 1,000 people)",SP.DYN.CBRT.IN,14.5,15.3,13,15.4,12.6,14,12,13.8,14.5,13.3,11.9,11.8,15.3,13,13.7,13.7,12,12.4,14,,
Papua New Guinea,PNG,"Birth rate, crude (per 1,000 people)",SP.DYN.CBRT.IN,33.993,33.671,33.31,32.93,32.539,32.142,31.734,31.313,30.876,30.431,29.985,29.546,29.123,28.721,28.344,27.993,27.669,27.364,27.073,,
Poland,POL,"Birth rate, crude (per 1,000 people)",SP.DYN.CBRT.IN,9.9,9.6,9.3,9.2,9.3,9.5,9.8,10.2,10.9,10.9,10.9,10.2,10.1,9.7,9.9,9.7,10.1,10.6,10.2,,
Pre-demographic dividend,PRE,"Birth rate, crude (per 1,000 people)",SP.DYN.CBRT.IN,43.52502295,43.33929108,43.13709141,42.91640341,42.67383689,42.40476121,42.10590199,41.77597884,41.41429246,41.02037584,40.59189929,40.12703911,39.63110201,39.11230406,38.58064431,38.0482102,37.52677744,37.02376607,36.5449441,,
Puerto Rico,PRI,"Birth rate, crude (per 1,000 people)",SP.DYN.CBRT.IN,15.59,14.59,13.7,13.1,13.16,12.96,12.41,11.86,11.79,11.72,11.3,11.1,10.6,10.1,9.7,9,8.3,7.3,6.7,,
"Korea, Dem. People’s Rep.",PRK,"Birth rate, crude (per 1,000 people)",SP.DYN.CBRT.IN,17.973,17.502,17.011,16.508,16.006,15.527,15.092,14.717,14.411,14.179,14.021,13.933,13.895,13.888,13.897,13.91,13.916,13.91,13.89,,
Portugal,PRT,"Birth rate, crude (per 1,000 people)",SP.DYN.CBRT.IN,11.7,10.9,11,10.8,10.4,10.4,10,9.7,9.9,9.4,9.6,9.2,8.5,7.9,7.9,8.3,8.4,8.4,8.5,,
Paraguay,PRY,"Birth rate, crude (per 1,000 people)",SP.DYN.CBRT.IN,26.968,26.219,25.534,24.94,24.444,24.038,23.701,23.397,23.1,22.799,22.492,22.189,21.904,21.646,21.413,21.198,20.993,20.787,20.571,,
West Bank and Gaza,PSE,"Birth rate, crude (per 1,000 people)",SP.DYN.CBRT.IN,40.9,40.2,39.6,38.8,38.1,37.3,36.7,35.855,33.903,33.754,33.564,33.291,32.921,32.45,31.885,31.246,30.572,29.905,29.282,,
Pacific island small states,PSS,"Birth rate, crude (per 1,000 people)",SP.DYN.CBRT.IN,29.12007338,28.87133114,28.61527312,28.42112517,28.18476023,28.19164563,28.00092674,27.87032085,27.56101696,27.45746625,27.37412703,27.35583538,27.27302237,27.16628636,27.04979092,26.88229437,26.64946924,26.38741944,26.09917834,,
Post-demographic dividend,PST,"Birth rate, crude (per 1,000 people)",SP.DYN.CBRT.IN,11.59747708,11.29936527,11.1949863,11.25567927,11.20962616,11.13531893,11.38042336,11.5035639,11.53056695,11.27576131,11.14649199,10.96094277,10.91484062,10.62007054,10.64023815,10.54969614,10.43012846,10.07601689,9.828199407,,
French Polynesia,PYF,"Birth rate, crude (per 1,000 people)",SP.DYN.CBRT.IN,20.172,19.732,19.342,18.98,18.636,18.301,17.975,17.662,17.365,17.079,16.801,16.53,16.263,15.998,15.736,15.473,15.209,14.946,14.684,,
Qatar,QAT,"Birth rate, crude (per 1,000 people)",SP.DYN.CBRT.IN,19.267,18.774,18.11,17.287,16.331,15.297,14.258,13.289,12.449,11.767,11.25,10.884,10.614,10.396,10.208,10.033,9.862,9.698,9.541,,
Romania,ROU,"Birth rate, crude (per 1,000 people)",SP.DYN.CBRT.IN,10.4,10,9.7,9.8,10.1,10.4,10.4,10.3,10.8,10.9,10.5,9.7,10,9.4,10,10.2,10.4,10.3,9.6,,
Russian Federation,RUS,"Birth rate, crude (per 1,000 people)",SP.DYN.CBRT.IN,8.7,9.1,9.8,10.2,10.4,10.2,10.4,11.3,12,12.3,12.5,12.6,13.3,13.2,13.3,13.3,12.9,11.5,11.5,,
Rwanda,RWA,"Birth rate, crude (per 1,000 people)",SP.DYN.CBRT.IN,39.657,39,38.406,37.885,37.432,37.02,36.611,36.169,35.678,35.137,34.576,34.038,33.563,33.173,32.863,32.604,32.353,32.062,31.696,,
South Asia,SAS,"Birth rate, crude (per 1,000 people)",SP.DYN.CBRT.IN,27.65449021,27.16103146,26.67206612,26.18711625,25.70019426,25.20264181,24.68224784,24.1350534,23.56744197,22.98724651,22.41298479,21.86600039,21.36366892,20.91638028,20.52913115,20.1968155,19.91113094,19.65370027,19.40734232,,
Saudi Arabia,SAU,"Birth rate, crude (per 1,000 people)",SP.DYN.CBRT.IN,26.375,25.85,25.398,24.991,24.61,24.236,23.854,23.458,23.043,22.599,22.123,21.613,21.078,20.528,19.969,19.41,18.858,18.319,17.798,,
Sudan,SDN,"Birth rate, crude (per 1,000 people)",SP.DYN.CBRT.IN,39.54,39.22,38.88,38.515,38.126,37.713,37.281,36.835,36.382,35.927,35.475,35.027,34.586,34.152,33.728,33.318,32.923,32.542,32.177,,
Senegal,SEN,"Birth rate, crude (per 1,000 people)",SP.DYN.CBRT.IN,39.246,39.014,38.834,38.707,38.626,38.583,38.566,38.553,38.519,38.446,38.306,38.077,37.757,37.352,36.867,36.318,35.727,35.12,34.523,,
Singapore,SGP,"Birth rate, crude (per 1,000 people)",SP.DYN.CBRT.IN,13.7,11.8,11.4,10.5,10.3,10.2,10.3,10.3,10.2,9.9,9.3,9.5,10.1,9.3,9.8,9.7,9.4,8.9,8.8,,
Solomon Islands,SLB,"Birth rate, crude (per 1,000 people)",SP.DYN.CBRT.IN,35.569,35.318,35.079,34.841,34.604,34.382,34.197,34.065,33.99,33.962,33.965,33.974,33.959,33.895,33.766,33.556,33.255,32.877,32.439,,
Sierra Leone,SLE,"Birth rate, crude (per 1,000 people)",SP.DYN.CBRT.IN,44.073,43.749,43.402,43.023,42.604,42.126,41.573,40.941,40.236,39.473,38.675,37.872,37.092,36.356,35.677,35.055,34.483,33.939,33.406,,
El Salvador,SLV,"Birth rate, crude (per 1,000 people)",SP.DYN.CBRT.IN,24.931,24.04,23.21,22.47,21.835,21.311,20.884,20.525,20.207,19.918,19.654,19.418,19.213,19.036,18.881,18.734,18.587,18.429,18.253,,
San Marino,SMR,"Birth rate, crude (per 1,000 people)",SP.DYN.CBRT.IN,,,,,10.4,9.5,10,9.4,11,10.66666667,10.33333333,10,8.7,9.7,9.1,8.2,7.9,6.7,6.8,,
Somalia,SOM,"Birth rate, crude (per 1,000 people)",SP.DYN.CBRT.IN,49.024,48.496,47.955,47.434,46.949,46.497,46.062,45.616,45.146,44.656,44.162,43.688,43.254,42.877,42.561,42.303,42.096,41.919,41.753,,
Serbia,SRB,"Birth rate, crude (per 1,000 people)",SP.DYN.CBRT.IN,9.8,10.5,10.4,10.6,10.5,9.7,9.58,9.22,9.4,9.6,9.4,9.1,9.3,9.2,9.3,9.3,9.2,9.2,9.2,,
Sub-Saharan Africa (excluding high income),SSA,"Birth rate, crude (per 1,000 people)",SP.DYN.CBRT.IN,41.64352522,41.42884372,41.20989346,40.98537155,40.75120007,40.50164008,40.23216713,39.9392118,39.6204657,39.27424544,38.89770796,38.48899865,38.05203686,37.59325058,37.11985325,36.64071017,36.16512478,35.69968904,35.25010084,,
South Sudan,SSD,"Birth rate, crude (per 1,000 people)",SP.DYN.CBRT.IN,43.081,42.483,41.904,41.359,40.855,40.389,39.952,39.525,39.096,38.66,38.219,37.776,37.34,36.918,36.509,36.116,35.738,35.37,35.01,,
Sub-Saharan Africa,SSF,"Birth rate, crude (per 1,000 people)",SP.DYN.CBRT.IN,41.59675385,41.38235628,41.16479941,40.94044786,40.70720248,40.45845131,40.1886298,39.89622751,39.57821785,39.23226979,38.85672341,38.44948248,38.01382953,37.55569771,37.08344522,36.60520367,36.13155092,35.6678956,35.21907793,,
Small states,SST,"Birth rate, crude (per 1,000 people)",SP.DYN.CBRT.IN,26.4597746,26.11273164,25.85252557,25.64261579,25.42025224,25.20420167,24.91568216,24.70496922,24.44447851,24.17271731,23.9110022,23.69699159,23.46693028,23.22998655,22.98421312,22.78637168,22.55539674,22.28544307,22.00092543,,
Sao Tome and Principe,STP,"Birth rate, crude (per 1,000 people)",SP.DYN.CBRT.IN,39.589,39.602,39.545,39.401,39.157,38.808,38.358,37.831,37.251,36.636,36.003,35.363,34.726,34.103,33.508,32.95,32.437,31.967,31.538,,
Suriname,SUR,"Birth rate, crude (per 1,000 people)",SP.DYN.CBRT.IN,23.735,23.414,23.091,22.755,22.404,22.044,21.687,21.346,21.032,20.746,20.485,20.243,20.009,19.775,19.537,19.292,19.042,18.791,18.542,,
Slovak Republic,SVK,"Birth rate, crude (per 1,000 people)",SP.DYN.CBRT.IN,10.2,9.5,9.5,9.6,10,10.1,10,10.1,10.7,11.4,11.2,11.3,10.3,10.1,10.2,10.3,10.6,10.7,10.6,,
Slovenia,SVN,"Birth rate, crude (per 1,000 people)",SP.DYN.CBRT.IN,9.1,8.8,8.8,8.7,9,9.1,9.4,9.8,10.8,10.7,10.9,10.7,10.7,10.2,10.3,10,9.9,9.8,9.4,,
Sweden,SWE,"Birth rate, crude (per 1,000 people)",SP.DYN.CBRT.IN,10.2,10.3,10.7,11.1,11.2,11.2,11.7,11.7,11.9,12,12.3,11.8,11.9,11.8,11.9,11.7,11.8,11.5,11.4,,
Eswatini,SWZ,"Birth rate, crude (per 1,000 people)",SP.DYN.CBRT.IN,32.318,32.1,31.998,31.979,32.008,32.022,31.957,31.77,31.442,30.972,30.39,29.747,29.111,28.53,28.021,27.579,27.176,26.773,26.342,,
Sint Maarten (Dutch part),SXM,"Birth rate, crude (per 1,000 people)",SP.DYN.CBRT.IN,,,,,,12.8,13.7,11.7,13,12.5,13.1,12.9,12,14,14.1,,,9,,,
Seychelles,SYC,"Birth rate, crude (per 1,000 people)",SP.DYN.CBRT.IN,18.6,17.7,17.7,18.1,17.4,18.5,17.3,17.6,17.8,18.1,16.8,18.6,18.6,17.4,17,17,17.4,17.2,17.1,,
Syrian Arab Republic,SYR,"Birth rate, crude (per 1,000 people)",SP.DYN.CBRT.IN,31.363,31.052,30.797,30.614,30.487,30.363,30.178,29.876,29.43,28.842,28.145,27.398,26.67,26.01,25.438,24.95,24.525,24.115,23.685,,
Turks and Caicos Islands,TCA,"Birth rate, crude (per 1,000 people)",SP.DYN.CBRT.IN,,,,,,,,,,,,,,,,,,,,,
Chad,TCD,"Birth rate, crude (per 1,000 people)",SP.DYN.CBRT.IN,50.941,50.722,50.451,50.127,49.752,49.325,48.848,48.327,47.772,47.194,46.603,46.01,45.42,44.841,44.276,43.73,43.201,42.683,42.172,,
East Asia & Pacific (IDA & IBRD countries),TEA,"Birth rate, crude (per 1,000 people)",SP.DYN.CBRT.IN,16.41622907,15.90598664,15.49750414,15.14123476,15.01429928,15.04369491,14.77620885,14.73024813,14.70403845,14.64282983,14.42766544,14.38738815,14.43571104,14.3467306,14.46239311,14.16935004,14.67559937,14.22870984,13.10235517,,
Europe & Central Asia (IDA & IBRD countries),TEC,"Birth rate, crude (per 1,000 people)",SP.DYN.CBRT.IN,12.60392531,12.55552061,12.78355823,12.90819277,13.19765424,13.1417921,13.43451632,13.96452963,14.52125199,14.63126119,14.65564548,14.54938392,14.81140082,14.76689876,14.87652653,14.81810437,14.57324241,13.87623714,13.80162145,,
Togo,TGO,"Birth rate, crude (per 1,000 people)",SP.DYN.CBRT.IN,39.833,39.842,39.805,39.714,39.555,39.321,39.007,38.626,38.193,37.717,37.207,36.673,36.125,35.574,35.032,34.51,34.016,33.55,33.113,,
Thailand,THA,"Birth rate, crude (per 1,000 people)",SP.DYN.CBRT.IN,14.524,14.118,13.751,13.423,13.131,12.87,12.632,12.407,12.188,11.971,11.757,11.548,11.351,11.169,10.999,10.836,10.676,10.513,10.344,,
Tajikistan,TJK,"Birth rate, crude (per 1,000 people)",SP.DYN.CBRT.IN,30.624,30.081,29.721,29.552,29.565,29.742,30.056,30.452,30.873,31.276,31.627,31.906,32.109,32.228,32.241,32.115,31.822,31.364,30.761,,
Turkmenistan,TKM,"Birth rate, crude (per 1,000 people)",SP.DYN.CBRT.IN,23.601,23.286,23.106,22.996,22.939,22.968,23.146,23.507,24.047,24.712,25.405,26.005,26.412,26.558,26.418,26.005,25.37,24.615,23.831,,
Latin America & the Caribbean (IDA & IBRD countries),TLA,"Birth rate, crude (per 1,000 people)",SP.DYN.CBRT.IN,22.51109847,22.03219967,21.55485412,21.0863262,20.62948919,20.19311054,19.7836167,19.40674821,19.06091475,18.74698531,18.4620162,18.2027379,17.95992995,17.72583738,17.49339272,17.26061921,17.02158924,16.77805503,16.53188169,,
Timor-Leste,TLS,"Birth rate, crude (per 1,000 people)",SP.DYN.CBRT.IN,39.547,39.223,38.749,38.077,37.208,36.164,34.994,33.786,32.627,31.574,30.694,30.041,29.606,29.363,29.285,29.32,29.399,29.453,29.424,,
Middle East & North Africa (IDA & IBRD countries),TMN,"Birth rate, crude (per 1,000 people)",SP.DYN.CBRT.IN,24.55813911,24.2429548,24.0288041,23.90387222,23.85833312,23.8912818,24.0073474,24.19404095,24.42735839,24.67549567,24.9026223,25.07472754,25.16946874,25.16807722,25.05557389,24.82345444,24.47695354,24.04637577,23.56331065,,
Tonga,TON,"Birth rate, crude (per 1,000 people)",SP.DYN.CBRT.IN,28.248,28.302,28.404,28.498,28.555,28.547,28.458,28.293,28.063,27.77,27.421,27.027,26.606,26.178,25.756,25.354,24.977,24.626,24.303,,
South Asia (IDA & IBRD),TSA,"Birth rate, crude (per 1,000 people)",SP.DYN.CBRT.IN,27.65449021,27.16103146,26.67206612,26.18711625,25.70019426,25.20264181,24.68224784,24.1350534,23.56744197,22.98724651,22.41298479,21.86600039,21.36366892,20.91638028,20.52913115,20.1968155,19.91113094,19.65370027,19.40734232,,
Sub-Saharan Africa (IDA & IBRD countries),TSS,"Birth rate, crude (per 1,000 people)",SP.DYN.CBRT.IN,41.59675385,41.38235628,41.16479941,40.94044786,40.70720248,40.45845131,40.1886298,39.89622751,39.57821785,39.23226979,38.85672341,38.44948248,38.01382953,37.55569771,37.08344522,36.60520367,36.13155092,35.6678956,35.21907793,,
Trinidad and Tobago,TTO,"Birth rate, crude (per 1,000 people)",SP.DYN.CBRT.IN,14.724,14.739,14.815,14.927,15.049,15.161,15.246,15.301,15.32,15.291,15.206,15.059,14.858,14.611,14.325,14.007,13.662,13.302,12.937,,
Tunisia,TUN,"Birth rate, crude (per 1,000 people)",SP.DYN.CBRT.IN,17.297,16.934,16.672,16.511,16.448,16.494,16.664,16.947,17.316,17.734,18.149,18.506,18.763,18.892,18.874,18.707,18.405,18.01,17.564,,
Turkey,TUR,"Birth rate, crude (per 1,000 people)",SP.DYN.CBRT.IN,21.672,21.219,20.764,20.325,19.91,19.521,19.161,18.824,18.505,18.203,17.918,17.651,17.402,17.166,16.94,16.718,16.494,16.264,16.027,,
Tuvalu,TUV,"Birth rate, crude (per 1,000 people)",SP.DYN.CBRT.IN,,,,,,,,,,,,,,,,,,,,,
Tanzania,TZA,"Birth rate, crude (per 1,000 people)",SP.DYN.CBRT.IN,41.648,41.673,41.718,41.755,41.764,41.716,41.587,41.371,41.071,40.693,40.249,39.763,39.262,38.77,38.302,37.866,37.461,37.075,36.7,,
Uganda,UGA,"Birth rate, crude (per 1,000 people)",SP.DYN.CBRT.IN,48.584,48.318,48.04,47.748,47.438,47.101,46.728,46.308,45.834,45.299,44.693,44.007,43.248,42.428,41.564,40.68,39.8,38.947,38.135,,
Ukraine,UKR,"Birth rate, crude (per 1,000 people)",SP.DYN.CBRT.IN,7.8,7.7,8.1,8.5,9,9,9.8,10.2,11,11.1,10.8,11,11.4,11.1,10.8,10.7,10.3,9.4,8.7,,
Upper middle income,UMC,"Birth rate, crude (per 1,000 people)",SP.DYN.CBRT.IN,16.70028167,16.2746625,15.94567894,15.64922521,15.52305625,15.48144802,15.26020033,15.24317812,15.23895414,15.177809,15.00991059,14.96559154,15.0219967,14.9321995,15.00245857,14.75849921,15.06714345,14.61445288,13.74880116,,
Uruguay,URY,"Birth rate, crude (per 1,000 people)",SP.DYN.CBRT.IN,16.329,16.095,15.853,15.6,15.34,15.087,14.856,14.661,14.51,14.402,14.332,14.291,14.263,14.233,14.192,14.134,14.057,13.963,13.857,,
United States,USA,"Birth rate, crude (per 1,000 people)",SP.DYN.CBRT.IN,14.4,14.1,14,14.1,14,14,14.3,14.3,14,13.5,13,12.7,12.6,12.4,12.5,12.4,12.2,11.8,11.6,,
Uzbekistan,UZB,"Birth rate, crude (per 1,000 people)",SP.DYN.CBRT.IN,21.4024803,20.54723255,21.07132599,19.88672175,20.89286097,20.3894066,20.98839616,22.66327004,23.66417973,23.39916664,22.7,21.5,21,22.5,23.3,23.5,22.8,22.1,23.3,,
St. Vincent and the Grenadines,VCT,"Birth rate, crude (per 1,000 people)",SP.DYN.CBRT.IN,19.963,19.44,18.965,18.545,18.177,17.851,17.547,17.245,16.929,16.597,16.252,15.907,15.578,15.278,15.011,14.78,14.58,14.403,14.24,,
"Venezuela, RB",VEN,"Birth rate, crude (per 1,000 people)",SP.DYN.CBRT.IN,23.8,23.461,23.137,22.825,22.519,22.22,21.928,21.642,21.36,21.078,20.786,20.474,20.137,19.775,19.394,19.002,18.61,18.232,17.881,,
British Virgin Islands,VGB,"Birth rate, crude (per 1,000 people)",SP.DYN.CBRT.IN,,,,,,,,,,,,,,,,,,,,,
Virgin Islands (U.S.),VIR,"Birth rate, crude (per 1,000 people)",SP.DYN.CBRT.IN,14.4,13.1,15.1,14,14.5,14.8,13.2,16.4,15.8,15.3,14.8,13.8,13.1,13.1,13.2,13.2,13,12.8,12.5,,
Vietnam,VNM,"Birth rate, crude (per 1,000 people)",SP.DYN.CBRT.IN,17.429,17.031,16.82,16.734,16.74,16.805,16.903,17.017,17.129,17.221,17.282,17.316,17.331,17.333,17.315,17.259,17.15,16.979,16.745,,
Vanuatu,VUT,"Birth rate, crude (per 1,000 people)",SP.DYN.CBRT.IN,33.384,33.25,33.144,33.054,32.971,32.887,32.797,32.696,32.578,32.437,32.262,32.048,31.794,31.502,31.174,30.814,30.424,30.015,29.595,,
World,WLD,"Birth rate, crude (per 1,000 people)",SP.DYN.CBRT.IN,21.64935052,21.30735376,21.05398669,20.83856764,20.68509563,20.55149276,20.40002278,20.30626869,20.19549159,20.0026241,19.78140725,19.5996337,19.48581288,19.27786814,19.19549139,18.97547559,18.9627177,18.63349326,18.17484976,,
Samoa,WSM,"Birth rate, crude (per 1,000 people)",SP.DYN.CBRT.IN,30.616,30.29,30.01,29.794,29.638,29.51,29.367,29.162,28.867,28.476,28.001,27.464,26.909,26.372,25.874,25.427,25.036,24.689,24.378,,
Kosovo,XKX,"Birth rate, crude (per 1,000 people)",SP.DYN.CBRT.IN,22.8,21.7,20.8,18.3,20,20.9,19.1,19.3,19,18.8,18.5,18.3,18,17.7,17.4,17.1,16.8,16.4,16,,
"Yemen, Rep.",YEM,"Birth rate, crude (per 1,000 people)",SP.DYN.CBRT.IN,39.517,38.754,38.111,37.532,36.996,36.491,36.021,35.591,35.201,34.834,34.472,34.091,33.68,33.229,32.735,32.197,31.627,31.04,30.453,,
South Africa,ZAF,"Birth rate, crude (per 1,000 people)",SP.DYN.CBRT.IN,22.854,22.715,22.692,22.763,22.902,23.073,23.238,23.367,23.433,23.417,23.305,23.097,22.815,22.483,22.113,21.719,21.314,20.908,20.51,,
Zambia,ZMB,"Birth rate, crude (per 1,000 people)",SP.DYN.CBRT.IN,45.271,45.143,44.935,44.642,44.268,43.823,43.327,42.803,42.272,41.738,41.194,40.62,40.002,39.339,38.645,37.95,37.292,36.699,36.192,,
Zimbabwe,ZWE,"Birth rate, crude (per 1,000 people)",SP.DYN.CBRT.IN,31.776,31.963,32.274,32.694,33.196,33.764,34.384,35.021,35.624,36.134,36.464,36.526,36.292,35.768,34.978,33.981,32.864,31.732,30.676,,